<?xml version="1.0" encoding="utf-8"?>
<CustomReports>
  <Report ID="7194" SearchName="090.01.02 Software Inventory Overview" ComplianceSearchType="SoftwareTitle" ComplianceSearchFolderID="2862" CreatedByOperatorID="" RestrictedAccessTypeID="1" CanDelete="Yes">
    <Description>Report which shows overall quantities of software installed by Publisher, Application name and version</Description>
    <FolderName></FolderName>
    <FolderPath>Management Views/BOQ</FolderPath>
    <CreationDate>11/12/2019</CreationDate>
    <SearchSQL>
      <![CDATA[

-- Avoid locking by allowing result to contain uncommitted rows
SET TRANSACTION ISOLATION LEVEL READ UNCOMMITTED

-- Set the language to us_english so the datetime is consistent
SET LANGUAGE us_english

-- Split search words
DECLARE @SearchWholeWord nvarchar(max)
SET     @SearchWholeWord = @SearchText
DECLARE @SearchWords table(Word nvarchar(400) PRIMARY KEY)
DECLARE @SearchWordCount int
IF      (@SearchText IS NOT NULL AND @SearchText <> '')
BEGIN
        INSERT  @SearchWords SELECT DISTINCT * FROM TableSplitSearchWords(@SearchWholeWord)
END
SELECT  @SearchWordCount = COUNT(DISTINCT Word) FROM @SearchWords

-- Pre-calculate software titles that user is allowed access
	CREATE TABLE #SoftwareTitleAllowed (SoftwareTitleID int PRIMARY KEY)
	IF (SELECT HasAccess FROM dbo.RightsHasAccess('CMApplications', 'list')) = 1
	BEGIN
			INSERT  #SoftwareTitleAllowed SELECT SoftwareTitleID FROM SoftwareTitle
	END

-- Pre-calculate installed software that user is allowed access
	CREATE TABLE #InstalledSoftwareAllowedComputer (ComplianceComputerID int PRIMARY KEY)

	IF (SELECT HasAccess FROM dbo.RightsHasAccess('CMApplications', 'read')) = 1
	BEGIN
		INSERT	#InstalledSoftwareAllowedComputer
		SELECT	tcc.ComplianceComputerID
		FROM	TableComplianceComputerCurrentUser(NULL, NULL, NULL, NULL) tcc
	END

-- Limit rows returned if setting is present or provided row limit parameter not null
SET @RowLimit = dbo.MinRowLimit(@RowLimit, 'MaxCustomViewResultRows');
IF @RowLimit IS NULL OR @RowLimit = -1 BEGIN
    SET @RowLimit = 0x7FFFFFFF;
END
-- Custom view results query
SELECT  TOP(@RowLimit) results.*
FROM    (
                -- Custom view query for software titles
                	SELECT  SoftwareTitle.SoftwareTitleID AS [ApplicationID],
                        SoftwareTitle.FullName AS [ApplicationName],
                        ISNULL(NumberOfInstallationsCount.NumberOfInstallations, 0) AS [NumberOfInstallations],
                        ISNULL(NumberOfUsedInstallationsCount.NumberOfUsedInstallations, 0) AS [NumberOfUsedInstallations],
                        SoftwareTitleClassificationI18N.DefaultValue AS [Classification],
                        Category.Path AS [Category],
                        SoftwareTitleVersion.VersionName AS [ApplicationVersion],
                        Product.ProductName AS [ProductName],
                        SoftwareTitlePublisher.PublisherName AS [Publisher],
                        SoftwareTitle.Comments AS [Comments],
                        ISNULL(Edition.EditionName, '') AS [Edition],
                        Recognition.FlexeraID AS [FlexeraID],
                        SoftwareTitle.SKU AS [SKU]
                	FROM    SoftwareTitle
                			-- Filter
                			INNER JOIN #SoftwareTitleAllowed AS filter ON filter.SoftwareTitleID = SoftwareTitle.SoftwareTitleID
                			-- Additional joins
                			LEFT OUTER JOIN (SELECT COUNT(DISTINCT InstalledSoftware.InstalledSoftwareID) AS NumberOfInstallations, InstalledSoftware.SoftwareTitleID FROM InstalledSoftware INNER JOIN (SELECT ins.InstalledSoftwareID FROM InstalledSoftware AS ins JOIN #InstalledSoftwareAllowedComputer AS cc ON cc.ComplianceComputerID = ins.ComplianceComputerID) AS InstalledSoftware_filter ON InstalledSoftware_filter.InstalledSoftwareID = InstalledSoftware.InstalledSoftwareID GROUP BY InstalledSoftware.SoftwareTitleID) AS NumberOfInstallationsCount ON NumberOfInstallationsCount.SoftwareTitleID = SoftwareTitle.SoftwareTitleID
                        LEFT OUTER JOIN (SELECT COUNT(DISTINCT InstalledSoftware.InstalledSoftwareID) AS NumberOfUsedInstallations, InstalledSoftware.SoftwareTitleID FROM InstalledSoftware INNER JOIN (SELECT ins.InstalledSoftwareID FROM InstalledSoftware AS ins JOIN #InstalledSoftwareAllowedComputer AS cc ON cc.ComplianceComputerID = ins.ComplianceComputerID) AS InstalledSoftware_filter ON InstalledSoftware_filter.InstalledSoftwareID = InstalledSoftware.InstalledSoftwareID AND InstalledSoftware.IsUsed = 1 GROUP BY InstalledSoftware.SoftwareTitleID) AS NumberOfUsedInstallationsCount ON NumberOfUsedInstallationsCount.SoftwareTitleID = SoftwareTitle.SoftwareTitleID
                        LEFT OUTER JOIN SoftwareTitleClassificationI18N ON SoftwareTitleClassificationI18N.SoftwareTitleClassificationID = SoftwareTitle.SoftwareTitleClassificationID
                        LEFT OUTER JOIN Category AS Category ON SoftwareTitle.CategoryID = Category.GroupExID
                        LEFT OUTER JOIN SoftwareTitleVersion ON SoftwareTitle.SoftwareTitleVersionID = SoftwareTitleVersion.SoftwareTitleVersionID
                        LEFT OUTER JOIN SoftwareTitleProduct AS Product ON SoftwareTitle.SoftwareTitleProductID = Product.SoftwareTitleProductID
                        INNER JOIN SoftwareTitleProduct ON SoftwareTitle.SoftwareTitleProductID = SoftwareTitleProduct.SoftwareTitleProductID LEFT OUTER JOIN SoftwareTitlePublisher ON SoftwareTitleProduct.SoftwareTitlePublisherID = SoftwareTitlePublisher.SoftwareTitlePublisherID
                        LEFT OUTER JOIN SoftwareTitleEdition AS Edition ON SoftwareTitle.SoftwareTitleEditionID = Edition.SoftwareTitleEditionID
                        INNER JOIN SoftwareRecognitionFlexeraID() AS Recognition ON SoftwareTitle.SoftwareTitleID = Recognition.SoftwareTitleID
        ) AS results
WHERE   (@SearchWordCount = 0) OR
        (@SearchWordCount = (
                SELECT  COUNT(DISTINCT words.Word)
                FROM    @SearchWords AS words
                WHERE   [ApplicationName] LIKE '%' + words.Word + '%' ESCAPE '\'
        )) OPTION (RECOMPILE)
      
      ]]>
    </SearchSQL>
    <SearchMapping>
      <![CDATA[
<ArrayOfCustomViewColumnMapping xmlns:xsd="http://www.w3.org/2001/XMLSchema" xmlns:xsi="http://www.w3.org/2001/XMLSchema-instance">
  <CustomViewColumnMapping>
    <Column ComplianceSearchTypeColumnID="15068" ColumnName="SoftwareTitle.ApplicationID" ColumnNameResourceName="ComplianceSearchTypeColumn.ApplicationID" SelectName="SoftwareTitle.SoftwareTitleID" WhereClause="SoftwareTitle.SoftwareTitleID" FilterGroupType="2" DefaultFilterType="2" ComplianceSearchTypeID="604" Mandatory="true" PrimaryKey="true" SelectByDefault="false" IsCustom="false" LinkAction="Edit" LinkController="Applications" LinkIndicateOrigin="true" IsMultiEditEnabled="false" ModifyState="Unchanged" />
    <Index>8</Index>
    <FieldName>ApplicationID</FieldName>
    <ShowInGrid>false</ShowInGrid>
    <Hidden>false</Hidden>
    <Order>-2147483648</Order>
    <QueryDepth>1</QueryDepth>
    <ParentName>SoftwareTitle</ParentName>
    <RelationName />
    <RelationPath />
    <MatchOption>Excluded</MatchOption>
  </CustomViewColumnMapping>
  <CustomViewColumnMapping>
    <Column ComplianceSearchTypeColumnID="15069" ColumnName="SoftwareTitle.ApplicationName" ColumnNameResourceName="ComplianceSearchTypeColumn.ApplicationName" SelectName="SoftwareTitle.FullName" WhereClause="SoftwareTitle.FullName" FilterGroupType="1" DefaultFilterType="1" ComplianceSearchTypeID="604" Mandatory="false" PrimaryKey="false" SelectByDefault="true" IsCustom="false" LinkAction="Edit" LinkController="Applications" LinkIndicateOrigin="true" IsMultiEditEnabled="false" ModifyState="Unchanged" />
    <Index>7</Index>
    <FieldName>ApplicationName</FieldName>
    <ShowInGrid>true</ShowInGrid>
    <Hidden>false</Hidden>
    <Order>0</Order>
    <QueryDepth>1</QueryDepth>
    <ParentName>SoftwareTitle</ParentName>
    <RelationName />
    <RelationPath />
    <MatchOption>PartialMatch</MatchOption>
  </CustomViewColumnMapping>
  <CustomViewColumnMapping>
    <Column ComplianceSearchTypeColumnID="15074" ColumnName="SoftwareTitle.NumberOfInstallations" ColumnNameResourceName="ComplianceSearchTypeColumn.NumberOfInstallations" FromTable="LEFT OUTER JOIN (SELECT COUNT(DISTINCT InstalledSoftware.InstalledSoftwareID) AS NumberOfInstallations, InstalledSoftware.SoftwareTitleID FROM InstalledSoftware INNER JOIN {RELATION_FILTER|ApplicationToInstallation|#{FILTERNAMESPACE}InstalledSoftwareFilter|(SELECT ins.InstalledSoftwareID FROM InstalledSoftware AS ins JOIN #InstalledSoftwareAllowedComputer AS cc ON cc.ComplianceComputerID = ins.ComplianceComputerID)} AS InstalledSoftware_filter ON InstalledSoftware_filter.InstalledSoftwareID = InstalledSoftware.InstalledSoftwareID GROUP BY InstalledSoftware.SoftwareTitleID) AS {NAMESPACE}NumberOfInstallationsCount ON {NAMESPACE}NumberOfInstallationsCount.SoftwareTitleID = {NAMESPACE}SoftwareTitle.SoftwareTitleID" SelectName="ISNULL(NumberOfInstallationsCount.NumberOfInstallations, 0)" WhereClause="ISNULL(NumberOfInstallationsCount.NumberOfInstallations, 0)" FilterGroupType="2" DefaultFilterType="2" ComplianceSearchTypeID="604" RequiresSearchTypeID="609" Mandatory="false" PrimaryKey="false" SelectByDefault="false" IsCustom="false" LinkIndicateOrigin="false" IsMultiEditEnabled="false" ModifyState="Unchanged" />
    <Index>0</Index>
    <FieldName>NumberOfInstallations</FieldName>
    <ShowInGrid>true</ShowInGrid>
    <Hidden>false</Hidden>
    <Order>2147483647</Order>
    <QueryDepth>1</QueryDepth>
    <ParentName>SoftwareTitle</ParentName>
    <RelationName />
    <RelationPath />
    <MatchOption>Excluded</MatchOption>
  </CustomViewColumnMapping>
  <CustomViewColumnMapping>
    <Column ComplianceSearchTypeColumnID="14836" ColumnName="SoftwareTitle.NumberOfUsedInstallations" ColumnNameResourceName="ComplianceSearchTypeColumn.NumberOfUsedInstallations" FromTable="LEFT OUTER JOIN (SELECT COUNT(DISTINCT InstalledSoftware.InstalledSoftwareID) AS NumberOfUsedInstallations, InstalledSoftware.SoftwareTitleID FROM InstalledSoftware INNER JOIN {RELATION_FILTER|ApplicationToInstallation|#{FILTERNAMESPACE}InstalledSoftwareFilter|(SELECT ins.InstalledSoftwareID FROM InstalledSoftware AS ins JOIN #InstalledSoftwareAllowedComputer AS cc ON cc.ComplianceComputerID = ins.ComplianceComputerID)} AS InstalledSoftware_filter ON InstalledSoftware_filter.InstalledSoftwareID = InstalledSoftware.InstalledSoftwareID AND InstalledSoftware.IsUsed = 1 GROUP BY InstalledSoftware.SoftwareTitleID) AS {NAMESPACE}NumberOfUsedInstallationsCount ON {NAMESPACE}NumberOfUsedInstallationsCount.SoftwareTitleID = {NAMESPACE}SoftwareTitle.SoftwareTitleID" SelectName="ISNULL(NumberOfUsedInstallationsCount.NumberOfUsedInstallations, 0)" WhereClause="ISNULL(NumberOfUsedInstallationsCount.NumberOfUsedInstallations, 0)" FilterGroupType="2" DefaultFilterType="2" ComplianceSearchTypeID="604" RequiresSearchTypeID="609" Mandatory="false" PrimaryKey="false" SelectByDefault="false" IsCustom="false" LinkIndicateOrigin="false" IsMultiEditEnabled="false" ModifyState="Unchanged" />
    <Index>1</Index>
    <FieldName>NumberOfUsedInstallations</FieldName>
    <ShowInGrid>true</ShowInGrid>
    <Hidden>false</Hidden>
    <Order>2147483647</Order>
    <QueryDepth>1</QueryDepth>
    <ParentName>SoftwareTitle</ParentName>
    <RelationName />
    <RelationPath />
    <MatchOption>Excluded</MatchOption>
  </CustomViewColumnMapping>
  <CustomViewColumnMapping>
    <Column ComplianceSearchTypeColumnID="15072" ColumnName="SoftwareTitle.Classification" ColumnNameResourceName="ComplianceSearchTypeColumn.Classification" FromTable="LEFT OUTER JOIN SoftwareTitleClassificationI18N ON SoftwareTitleClassificationI18N.SoftwareTitleClassificationID = SoftwareTitle.SoftwareTitleClassificationID" SelectName="SoftwareTitleClassificationI18N.DefaultValue" WhereClause="SoftwareTitleClassificationI18N.SoftwareTitleClassificationID" SelectOptionsSQL="SELECT DISTINCT SoftwareTitleClassificationID AS [ID], ResourceName, DefaultValue AS DefaultName from dbo.SoftwareTitleClassificationI18N" FilterGroupType="3" DefaultFilterType="3" ComplianceSearchTypeID="604" Mandatory="false" PrimaryKey="false" SelectByDefault="false" IsCustom="false" LinkIndicateOrigin="false" IsMultiEditEnabled="false" ModifyState="Unchanged" />
    <Index>2</Index>
    <FieldName>Classification</FieldName>
    <ShowInGrid>true</ShowInGrid>
    <Hidden>false</Hidden>
    <Order>2147483647</Order>
    <QueryDepth>1</QueryDepth>
    <ParentName>SoftwareTitle</ParentName>
    <RelationName />
    <RelationPath />
    <MatchOption>Excluded</MatchOption>
  </CustomViewColumnMapping>
  <CustomViewColumnMapping>
    <Column ComplianceSearchTypeColumnID="15667" ColumnName="SoftwareTitle.Category" ColumnNameResourceName="ComplianceSearchTypeColumn.Category" FromTable="LEFT OUTER JOIN Category AS Category ON SoftwareTitle.CategoryID = Category.GroupExID" SelectName="Category.Path" WhereClause="Category.GroupExID" SelectOptionsSQL="SELECT DISTINCT g.GroupExID AS [ID],'' AS ResourceName, g.Path AS DefaultName FROM Category AS g JOIN TableGetAccessibleGroups('CMEnterprise','read') as a ON a.GroupExID = g.GroupExID WHERE a.GroupTypeID = 4 AND g.BusinessView = 0 AND a.UserHasAccess=1 ORDER BY Path" FilterGroupType="5" DefaultFilterType="3" ComplianceSearchTypeID="604" Mandatory="false" PrimaryKey="false" SelectByDefault="false" IsCustom="false" LinkIndicateOrigin="false" IsMultiEditEnabled="false" ModifyState="Unchanged" />
    <Index>3</Index>
    <FieldName>Category</FieldName>
    <ShowInGrid>true</ShowInGrid>
    <Hidden>false</Hidden>
    <Order>2147483647</Order>
    <QueryDepth>1</QueryDepth>
    <ParentName>SoftwareTitle</ParentName>
    <RelationName />
    <RelationPath />
    <MatchOption>Excluded</MatchOption>
  </CustomViewColumnMapping>
  <CustomViewColumnMapping>
    <Column ComplianceSearchTypeColumnID="15070" ColumnName="SoftwareTitle.ApplicationVersion" ColumnNameResourceName="ComplianceSearchTypeColumn.ApplicationVersion" FromTable="LEFT OUTER JOIN SoftwareTitleVersion ON SoftwareTitle.SoftwareTitleVersionID = SoftwareTitleVersion.SoftwareTitleVersionID" SelectName="SoftwareTitleVersion.VersionName" WhereClause="SoftwareTitleVersion.VersionName" FilterGroupType="1" DefaultFilterType="1" ComplianceSearchTypeID="604" Mandatory="false" PrimaryKey="false" SelectByDefault="false" IsCustom="false" LinkIndicateOrigin="false" IsMultiEditEnabled="false" ModifyState="Unchanged" />
    <Index>4</Index>
    <FieldName>ApplicationVersion</FieldName>
    <ShowInGrid>true</ShowInGrid>
    <Hidden>false</Hidden>
    <Order>2147483647</Order>
    <QueryDepth>1</QueryDepth>
    <ParentName>SoftwareTitle</ParentName>
    <RelationName />
    <RelationPath />
    <MatchOption>Excluded</MatchOption>
  </CustomViewColumnMapping>
  <CustomViewColumnMapping>
    <Column ComplianceSearchTypeColumnID="15075" ColumnName="SoftwareTitle.ProductName" ColumnNameResourceName="ComplianceSearchTypeColumn.SoftwareTitleProductName" FromTable="LEFT OUTER JOIN SoftwareTitleProduct AS Product ON SoftwareTitle.SoftwareTitleProductID = Product.SoftwareTitleProductID" SelectName="Product.ProductName" WhereClause="Product.ProductName" FilterGroupType="1" DefaultFilterType="1" ComplianceSearchTypeID="604" Mandatory="false" PrimaryKey="false" SelectByDefault="false" IsCustom="false" LinkIndicateOrigin="false" IsMultiEditEnabled="false" ModifyState="Unchanged" />
    <Index>5</Index>
    <FieldName>ProductName</FieldName>
    <ShowInGrid>true</ShowInGrid>
    <Hidden>false</Hidden>
    <Order>2147483647</Order>
    <QueryDepth>1</QueryDepth>
    <ParentName>SoftwareTitle</ParentName>
    <RelationName />
    <RelationPath />
    <MatchOption>Excluded</MatchOption>
  </CustomViewColumnMapping>
  <CustomViewColumnMapping>
    <Column ComplianceSearchTypeColumnID="15071" ColumnName="SoftwareTitle.Publisher" ColumnNameResourceName="ComplianceSearchTypeColumn.Publisher" FromTable="INNER JOIN SoftwareTitleProduct ON SoftwareTitle.SoftwareTitleProductID = SoftwareTitleProduct.SoftwareTitleProductID LEFT OUTER JOIN SoftwareTitlePublisher ON SoftwareTitleProduct.SoftwareTitlePublisherID = SoftwareTitlePublisher.SoftwareTitlePublisherID" SelectName="SoftwareTitlePublisher.PublisherName" WhereClause="SoftwareTitlePublisher.PublisherName" FilterGroupType="1" DefaultFilterType="1" ComplianceSearchTypeID="604" Mandatory="false" PrimaryKey="false" SelectByDefault="false" IsCustom="false" LinkIndicateOrigin="false" IsMultiEditEnabled="false" ModifyState="Unchanged" />
    <Index>6</Index>
    <FieldName>Publisher</FieldName>
    <ShowInGrid>true</ShowInGrid>
    <Hidden>false</Hidden>
    <Order>2147483647</Order>
    <QueryDepth>1</QueryDepth>
    <ParentName>SoftwareTitle</ParentName>
    <RelationName />
    <RelationPath />
    <MatchOption>Excluded</MatchOption>
  </CustomViewColumnMapping>
  <CustomViewColumnMapping>
    <Column ComplianceSearchTypeColumnID="15665" ColumnName="SoftwareTitle.Comments" ColumnNameResourceName="ComplianceSearchTypeColumn.Comments" SelectName="SoftwareTitle.Comments" WhereClause="CAST(SoftwareTitle.Comments AS nvarchar(MAX))" FilterGroupType="1" DefaultFilterType="1" ComplianceSearchTypeID="604" Mandatory="false" PrimaryKey="false" SelectByDefault="false" IsCustom="false" LinkIndicateOrigin="false" IsMultiEditEnabled="false" ModifyState="Unchanged" />
    <Index>9</Index>
    <FieldName>Comments</FieldName>
    <ShowInGrid>false</ShowInGrid>
    <Hidden>false</Hidden>
    <Order>2147483647</Order>
    <QueryDepth>1</QueryDepth>
    <ParentName>SoftwareTitle</ParentName>
    <RelationName />
    <RelationPath />
    <MatchOption>Excluded</MatchOption>
  </CustomViewColumnMapping>
  <CustomViewColumnMapping>
    <Column ComplianceSearchTypeColumnID="15076" ColumnName="SoftwareTitle.Edition" ColumnNameResourceName="ComplianceSearchTypeColumn.SoftwareTitleEdition" FromTable="LEFT OUTER JOIN SoftwareTitleEdition AS Edition ON SoftwareTitle.SoftwareTitleEditionID = Edition.SoftwareTitleEditionID" SelectName="ISNULL(Edition.EditionName, '')" WhereClause="Edition.EditionName" FilterGroupType="1" DefaultFilterType="1" ComplianceSearchTypeID="604" Mandatory="false" PrimaryKey="false" SelectByDefault="false" IsCustom="false" LinkIndicateOrigin="false" IsMultiEditEnabled="false" ModifyState="Unchanged" />
    <Index>10</Index>
    <FieldName>Edition</FieldName>
    <ShowInGrid>false</ShowInGrid>
    <Hidden>false</Hidden>
    <Order>2147483647</Order>
    <QueryDepth>1</QueryDepth>
    <ParentName>SoftwareTitle</ParentName>
    <RelationName />
    <RelationPath />
    <MatchOption>Excluded</MatchOption>
  </CustomViewColumnMapping>
  <CustomViewColumnMapping>
    <Column ComplianceSearchTypeColumnID="15077" ColumnName="SoftwareTitle.FlexeraID" ColumnNameResourceName="ComplianceSearchTypeColumn.SoftwareTitleFlexeraID" FromTable="INNER JOIN SoftwareRecognitionFlexeraID() AS Recognition ON SoftwareTitle.SoftwareTitleID = Recognition.SoftwareTitleID" SelectName="Recognition.FlexeraID" WhereClause="Recognition.FlexeraID" FilterGroupType="1" DefaultFilterType="1" ComplianceSearchTypeID="604" Mandatory="false" PrimaryKey="false" SelectByDefault="false" IsCustom="false" LinkIndicateOrigin="false" IsMultiEditEnabled="false" ModifyState="Unchanged" />
    <Index>11</Index>
    <FieldName>FlexeraID</FieldName>
    <ShowInGrid>false</ShowInGrid>
    <Hidden>false</Hidden>
    <Order>2147483647</Order>
    <QueryDepth>1</QueryDepth>
    <ParentName>SoftwareTitle</ParentName>
    <RelationName />
    <RelationPath />
    <MatchOption>Excluded</MatchOption>
  </CustomViewColumnMapping>
  <CustomViewColumnMapping>
    <Column ComplianceSearchTypeColumnID="15666" ColumnName="SoftwareTitle.SKU" ColumnNameResourceName="ComplianceSearchTypeColumn.SKU" SelectName="SoftwareTitle.SKU" WhereClause="SoftwareTitle.SKU" FilterGroupType="1" DefaultFilterType="1" ComplianceSearchTypeID="604" Mandatory="false" PrimaryKey="false" SelectByDefault="false" IsCustom="false" LinkIndicateOrigin="false" IsMultiEditEnabled="false" ModifyState="Unchanged" />
    <Index>12</Index>
    <FieldName>SKU</FieldName>
    <ShowInGrid>false</ShowInGrid>
    <Hidden>false</Hidden>
    <Order>2147483647</Order>
    <QueryDepth>1</QueryDepth>
    <ParentName>SoftwareTitle</ParentName>
    <RelationName />
    <RelationPath />
    <MatchOption>Excluded</MatchOption>
  </CustomViewColumnMapping>
</ArrayOfCustomViewColumnMapping>
      ]]>
    </SearchMapping>
    <SearchXML>
      <![CDATA[
<customview>
  <!--Custom view properties-->
  <name>090.01.02 Software Inventory Overview</name>
  <description>Report which shows overall quantities of software installed by Publisher, Application name and version</description>
  <schemaVersion>2.0</schemaVersion>
  <productVersion>13.1.1</productVersion>
  <!--Master custom view object-->
  <object name="SoftwareTitle" major="true">
    <column index="0" name="SoftwareTitle.NumberOfInstallations" show="true" match="Excluded" />
    <column index="1" name="SoftwareTitle.NumberOfUsedInstallations" show="true" match="Excluded" />
    <column index="2" name="SoftwareTitle.Classification" show="true" match="Excluded" />
    <column index="3" name="SoftwareTitle.Category" show="true" match="Excluded" />
    <column index="4" name="SoftwareTitle.ApplicationVersion" show="true" match="Excluded" />
    <column index="5" name="SoftwareTitle.ProductName" show="true" match="Excluded" />
    <column index="6" name="SoftwareTitle.Publisher" show="true" match="Excluded" />
    <column index="7" name="SoftwareTitle.ApplicationName" show="true" match="PartialMatch" />
    <column index="8" name="SoftwareTitle.ApplicationID" show="false" match="Excluded" />
    <column index="9" name="SoftwareTitle.Comments" show="false" match="Excluded" />
    <column index="10" name="SoftwareTitle.Edition" show="false" match="Excluded" />
    <column index="11" name="SoftwareTitle.FlexeraID" show="false" match="Excluded" />
    <column index="12" name="SoftwareTitle.SKU" show="false" match="Excluded" />
  </object>
</customview>
      ]]>
    </SearchXML>
  </Report>
</CustomReports>
