﻿<?xml version="1.0" encoding="utf-8"?>
<!--
	This configuration file contains details to register the business
	adapter in this folder with the business importer portal module.
-->
<BusinessAdapterRegistration>
	<!-- Text to be displayed in drop down list for selecting which data file type to import -->
	<DisplayName>License Allocation to Inventory Devices Spreadsheet</DisplayName>

	<!--
		Description of this import to be displayed below drop down list when it is selected.
		Default: Blank (no description)
	-->
	<DisplayDescription>
		Use this import to allocate inventory devices to licenses.
	</DisplayDescription>

	<!--
		Text to be displayed to prompt user to select a file
		to be uploaded.

		Default if not specified:
		"Select the file to upload and import:"
	-->
	<SelectFileLabel>
		Select the spreadsheet containing license allocation data to import:
	</SelectFileLabel>

	<!-- Expected extension of files that are uploaded (typically "xls", "xlsx", "csv" or "xml") -->
	<UploadFileType>xlsx</UploadFileType>

	<!--
		Text to display on the "Upload" button to upload
		and queue a file for importing.

		Default if not specified: "Upload"
	-->
	<ImportButtonText>Upload and Create Allocations</ImportButtonText>

	<!--
		Text to display in a link to download a template
		file with the correct structure to be populated for
		importing via this adapter.

		Default if not specified: "Download template"
	-->
	<TemplateFileHyperlinkDescription>
		Download inventory device license allocation data template spreadsheet
	</TemplateFileHyperlinkDescription>

	<!-- Name of the template file. Leave this blank if there is no template file. -->
	<TemplateFileName>FNMS-InventoryDeviceLicenseAllocationSpreadsheet-Template.xlsx</TemplateFileName>

	<!-- MGSBI config file containing the adapter definition to be executed -->
	<ConfigFile>ComputerLicenseAllocations.xml</ConfigFile>

	<!-- Name of the import in ConfigFile to be executed -->
	<ImportName>ComputerLicenseAllocations</ImportName>
</BusinessAdapterRegistration>
